Date,Healthcare,Financial,Energy,Utilities,IT,Consumer Discretionary,Consumer staples,Industrials,Telecom,Materials,30 YEAR,Federal funds rate,CPIAUCSL,unemploymentRATE regular,5-year treasury rate,exchange rate,real disposable personal income,PCE,industrail production,import,export,M1,Usrecession,M2,Nominal GDP ,Real GDP
1992/1/1,124.4,82.78,92.5,111.55,69.3,83.7412,96.96,84.89,88.73,81.67,7.401,4.43,138.3,7.3,6.24,74.4082,25913,4101.9,63.8916,94,95.7,909.1,0,3378.7,6329.255,9066.389
1992/2/1,115.58,81.31,87.82,104.68,73.28,85.5786,93.95,85.49,84.4,83.01,7.758,4.03,138.6,7.4,6.58,75.6435,26019,4116.8,64.3381,94,96.3,923.8,0,3398.4,6376.538,9112.924
1992/3/1,113.76,84.15,86.16,102.34,76.58,89.3404,93.81,87.55,81.95,85.08,7.789,4.06,139.1,7.4,6.95,77.3368,26029,4134.3,64.902,93.9,96.2,935.2,0,3403.3,6436.601,9189.205
1992/4/1,107.93,82.55,83.35,101.53,72.76,88.0847,92.65,85.11,81.93,85.45,7.958,3.98,139.4,7.4,6.78,77.4242,26077,4149,65.3746,93.6,96.4,943.4,0,3399.4,6464.839,9196.019
1992/5/1,107.36,83.42,91.84,104.13,73.65,88.6465,93.39,86.99,88.49,90.45,8.036,3.73,139.7,7.6,6.69,77.0866,26178,4176.1,65.5902,94,96.7,949.5,0,3398.5,6450.007,9163.348
1992/6/1,107.33,84.88,94.24,106.44,72.41,88.4783,94.34,85.89,85.72,89.73,7.837,3.82,140.1,7.8,6.48,76.2443,26259,4195,65.6132,94.8,96.5,954,0,3393.8,6562.05,9310.911
1992/7/1,102.15,86.47,91.56,106.37,71.16,88.0721,91.62,83.21,87.09,87.35,7.78,3.76,140.5,7.7,5.84,75.3025,26207,4223,66.1891,95.3,96.6,962.8,0,3393.5,6578.982,9318.62
1992/8/1,108.43,88.64,95.59,113.44,72.84,90.1744,96.8,84.92,92.77,88.57,7.458,3.25,140.8,7.6,5.6,75.1183,26262,4239.3,65.8651,95.7,96.3,972.8,0,3397.5,6577.723,9299.682
1992/9/1,104.45,84.68,97.47,111.24,67.62,87.7921,97.52,81.63,91.56,83.69,7.409,3.3,141.1,7.6,5.38,75.8731,26099,4273.9,66.0268,95.9,96.6,987.3,0,3409.4,6602.939,9321.022
1992/10/1,98.74,87.55,97.22,111.46,68.39,89.8032,98.93,84.68,92.75,83.75,7.381,3.22,141.7,7.3,5.6,77.5271,25901,4303.5,66.511,96.6,96.3,1001.8,0,3421.1,6658.816,9376.473
1992/11/1,101.3,89.58,92.47,110.64,68.1,91.6139,98.81,84.78,91.74,85.14,7.626,3.1,142.1,7.4,6.04,80.1583,25886,4319.5,66.8027,96,96.2,1015.2,0,3426.4,6688.032,9392.599
1992/12/1,103.89,95.26,89.62,109.55,71.53,97.9879,100.66,88.64,93.73,86.8,7.597,3.09,142.3,7.4,6.08,80.8499,26776,4355.6,66.8587,94.4,96.3,1024.6,0,3424.6,6745.811,9450.024
1993/1/1,101.91,99.13,90.33,111.94,69.7,98.3652,99.9,90.64,98.5,87.55,7.396,2.92,142.8,7.3,5.83,82.0023,26250,4359.7,67.1432,94.3,96.4,1029.9,0,3417.5,6737.182,9416.815
1993/2/1,93.65,102.35,92.42,115.16,74.68,102.0572,97.59,91.24,99.25,87.67,7.197,3.02,143.1,7.1,5.43,82.5443,26317,4374.3,67.4314,94.2,96.7,1032.6,0,3413,6753.573,9433.611
1993/3/1,86.83,104.35,96.7,122.06,77.13,101.5754,96.75,91.78,105.85,88.6,6.897,3.03,143.3,7,5.19,82.4072,26205,4371.4,67.3651,94.7,96.6,1037.4,0,3410.6,6753.792,9421.231
1993/4/1,87.4,108.2,100.25,123.2,76.8,104.3681,96.76,94.13,108.29,88.74,6.926,3.07,143.8,7.1,5.13,81.5063,26299,4412.4,67.5583,95.2,96.8,1046,0,3408.1,6789.041,9445.196
1993/5/1,89.06,104.49,101.58,122.5,73.89,98.2348,88,94.8,105,90.65,6.933,2.96,144.2,7.1,5.2,81.8694,26227,4441.3,67.3459,95.5,97.1,1064.6,0,3435.3,6840.219,9490.993
1993/6/1,90.87,104.05,102.79,121.67,80.64,102.4211,89.48,96.78,108.38,92.17,6.98,3,144.3,7,5.22,82.7197,26146,4458.8,67.4753,95,96.9,1074.9,0,3442.1,6859.522,9503.574
1993/7/1,87.49,109.14,101.7,125.37,78.58,99.9907,89.18,97.38,113.79,89.65,6.672,3.04,144.5,6.9,5.09,84.0634,26178,4487.7,67.6707,94.5,97,1083.6,0,3440.5,6854.731,9472.971
1993/8/1,80.75,111.09,102.61,127.79,73.78,101.4128,85.97,98.09,115.27,89.9,6.564,3.06,144.8,6.8,5.03,84.242,26185,4499.9,67.5985,94.4,97,1093.2,0,3444.5,6896.522,9514.374
1993/9/1,83.78,113.8,105.9,132.06,79.45,104.3808,89.1,101.4,119.78,92.01,6.092,3.03,145,6.7,4.73,84.4005,26088,4530.5,67.9241,94.5,96.9,1103.6,0,3451.2,6961.413,9591.11
1993/10/1,82.83,115.71,106.69,130.27,79.76,103.6929,86.77,99.59,117.67,88.09,6.025,3.09,145.6,6.8,4.71,85.4585,25919,4552,68.439,94.9,96.9,1111.1,0,3453.7,6962.292,9574.403
1993/11/1,87.37,108.85,105.82,127.27,81.81,111.3091,92.68,100.6,117.85,91.57,5.97,2.99,146,6.6,5.06,86.6715,25967,4573.4,68.7289,94.4,97,1123.3,0,3468.1,7051.233,9675.396
1993/12/1,89.29,104.95,99.43,119.8,82.82,112.4968,92.91,101.04,111.15,93.76,6.301,3.02,146.3,6.5,5.15,87.518,26827,4590.7,69.0884,93.5,97.3,1129.8,0,3474.7,7085.007,9710.165
1994/1/1,90.72,106.81,100.4,120.71,83.96,110.9579,93.63,105,109.18,96.79,6.348,2.96,146.3,6.6,5.09,90.388,26307,4604.8,69.3476,93.5,98,1131.2,0,3472.9,7094.759,9712.732
1994/2/1,91.05,112.27,105.12,119.11,88.14,113.973,93.91,109.55,112.81,104.47,6.238,3.05,146.7,6.6,5.4,90.4705,26344,4652.3,69.3617,93.9,98,1136.3,0,3474.5,7143.622,9757.59
1994/3/1,85.42,106.02,101.29,111.8,90.5,112.8392,92.93,107.32,106.11,101.46,6.661,3.25,147.1,6.5,5.94,90.9911,26403,4665.4,70.0831,94,98.2,1139.7,0,3479.1,7170.395,9773.579
1994/4/1,80.42,101.53,96.94,105.71,87.46,106.4778,89.04,102.27,102.77,97.11,7.092,3.34,147.2,6.4,6.52,91.6541,26384,4690.7,70.4425,94.7,98.2,1141.4,0,3478.4,7209.595,9811.356
1994/5/1,82.94,104.79,101.43,106.63,84.05,106.1284,91.18,101.1,105.05,97.03,7.307,3.56,147.5,6.1,6.78,91.7219,26676,4689.2,70.824,95.5,98.5,1143.1,0,3489.3,7314.672,9936.134
1994/6/1,87.72,110.13,101.25,100.8,86.92,105.6367,89.86,101.71,106.72,101,7.428,4.01,147.9,6.1,6.7,92.0166,26597,4728.8,71.2811,96.3,98.5,1145.4,0,3478.1,7285.274,9896.156
1994/7/1,85.11,106.68,98.63,97.21,81.78,103.0254,87.53,98.96,107.54,98.1,7.608,4.25,148.4,6.1,6.91,90.8465,26591,4740.8,71.3953,97.2,98.7,1149.4,0,3484.3,7319.854,9911.368
1994/8/1,86.18,108.96,103.35,101.94,85.19,105.4209,90.78,102.41,109.16,102.86,7.396,4.26,149,6,6.88,90.84,26600,4783,71.8011,97.6,98.9,1150.9,0,3485,7372.479,9972.016
1994/9/1,95.9,112.51,102.07,101.82,93.82,106.9172,97.07,105.09,109.53,108.81,7.451,4.47,149.3,5.9,7.08,90.0052,26682,4795.5,72.0617,97.2,99.1,1152.6,0,3484.7,7364.431,9935.093
1994/10/1,97.69,104.12,99.06,98.97,92.1,102.5186,96.76,100.69,107.25,108.69,7.817,4.73,149.4,5.8,7.4,89.5426,26901,4833.3,72.6829,97.9,99.7,1149.9,0,3481.7,7450.64,10030.536
1994/11/1,98.67,105.6,107.07,100.55,100.34,103.0115,99.74,102.12,106.35,104.86,7.97,4.76,149.8,5.6,7.72,89.9678,26867,4846,73.1379,98.5,100.4,1150.9,0,3484.8,7452.453,10023.343
1994/12/1,99.37,99.1,101.22,100.04,98.09,100.2293,98.49,95.58,99.54,96.62,7.999,5.29,150.1,5.5,7.78,92.0418,26967,4862.3,73.8818,98.4,101.1,1151.6,0,3485.2,7526.89,10103.224
1995/1/1,100,100,100,100,100,100,100,100,100,100,7.881,5.45,150.5,5.6,7.76,94.0871,27056,4871.9,74.0142,98.7,101.9,1150.6,0,3487.7,7564.871,10129.236
1995/2/1,106.37,106.08,101.81,106.19,99.91,100.6469,102.05,101.92,104.64,96.04,7.698,5.53,150.9,5.4,7.37,93.6275,27094,4871.7,73.9247,99.4,102.5,1147.5,0,3486.9,7510.798,10040.101
1995/3/1,107.6,111.67,104.99,106.29,106.58,104.0632,104.97,107.29,105.24,102.21,7.443,5.92,151.2,5.4,7.05,92.738,27137,4906.5,74.0284,99.9,103,1147.5,0,3488.6,7560.219,10090.789
1995/4/1,110.58,111.81,110.34,103.89,111.95,107.2018,108,110.84,105.48,107.65,7.431,5.98,151.8,5.8,6.86,90.1488,26904,4911.5,74.014,100.9,104,1148,0,3491.5,7562.2,10075.017
1995/5/1,113.34,115.56,113.33,106.77,123.73,105.764,111.06,114.24,107.74,109,7.336,6.05,152.1,5.6,6.41,90.1369,27142,4954.4,74.2239,101.8,104.3,1146.1,0,3517.6,7584.493,10099.082
1995/6/1,115.94,124.22,116.72,113.77,128.43,110.4808,115.84,116.74,106.98,112.23,6.649,6.01,152.4,5.6,5.93,90.3097,27196,4999,74.4807,101.4,104.5,1144.8,0,3544.6,7668.076,10191.773
1995/7/1,120.74,124.68,112.48,112.06,140.02,113.3938,117.71,118.58,109.92,116.34,6.617,6,152.6,5.7,6.01,90.3452,27221,4991.8,74.1902,101.1,104.8,1144.9,0,3562.4,7652.889,10149.83
1995/8/1,126.33,128.01,116.16,111.68,148.62,117.1346,117.7,123.87,113.7,119.47,6.846,5.85,152.9,5.7,6.24,92.4834,27213,5027.1,75.1211,100.8,104.3,1145.8,0,3584.9,7696.812,10196.614
1995/9/1,125.82,134.91,111.76,110.38,148.25,114.5146,117.13,122.47,118.85,118.73,6.647,5.74,153.1,5.6,6,93.8448,27270,5042.5,75.4216,100.8,104.4,1143.4,0,3597.3,7769.893,10279.414
1995/10/1,136.66,143.26,113.88,116.92,147.24,115.9436,125.67,125.42,128.35,119.11,6.501,5.8,153.5,5.5,5.86,93.6617,27273,5035.9,75.3448,100.4,104.5,1136.7,0,3608.4,7773.744,10253.036
1995/11/1,140.3,138.75,114.05,118.33,152.77,110.3707,128.86,124.08,129.28,111.55,6.328,5.76,153.7,5.6,5.69,94.8835,27321,5077.8,75.531,100.6,104.5,1135.2,0,3616.2,7775.647,10252.317
1995/12/1,146.9,148.41,118.48,118.85,146.93,117.2302,134.4,132.63,132.2,118.42,6.131,5.8,153.9,5.6,5.51,95.567,27331,5120.1,75.8317,101,104.4,1126.6,0,3623.9,7849.088,10338.212
1996/1/1,154.5,149.64,125.97,125.19,138.77,118.187,136.22,135.93,137.33,117.29,5.948,5.6,154.7,5.6,5.36,96.4501,27353,5108.9,75.3347,101.2,104.9,1124.7,0,3642.4,7865.532,10327.074
1996/2/1,162.88,157.12,125.77,127.4,144.25,120.5817,140.18,140.25,139.65,124.96,6.028,5.56,155,5.5,5.38,96.6093,27542,5156.1,76.5148,101,104.7,1118.2,0,3655.8,7877.094,10331.221
1996/3/1,160.08,159.74,125.98,122.66,153.32,122.4824,142.41,141.89,134.29,124.46,6.469,5.22,155.5,5.5,5.97,96.6007,27608,5196.4,76.4339,101.6,104.6,1121.4,0,3681.7,7936.812,10387.835
1996/4/1,159.9,161.3,131.95,121.18,145.98,127.4539,140.41,145.32,130.56,132.28,6.667,5.31,156.1,5.6,6.3,96.8903,27424,5231.6,77.1163,102.5,105.2,1125.4,0,3693.6,8053.248,10537.447
1996/5/1,156.79,158.08,135.39,118.46,160.41,130.4495,140.15,147.98,133.53,132.71,6.906,5.22,156.4,5.6,6.48,97.3537,27747,5247.2,77.695,101.8,105.6,1117.2,0,3704.8,8038.523,10496.092
1996/6/1,162.91,161.16,135.86,119.41,165.09,134.2656,148.32,151.27,132.79,130.85,6.989,5.24,156.7,5.3,6.69,97.8128,27884,5253.7,78.3435,100.7,105.4,1114.2,0,3715.7,8092.834,10554.618
1996/7/1,165.77,162.61,137.05,125.39,159.84,131.7284,153.98,151.48,133.58,124.26,6.871,5.27,157,5.5,6.64,97.6823,27780,5275.8,78.208,100.6,104.9,1113.7,0,3731.4,8127.66,10598.396
1996/8/1,157.55,158.91,131.77,117.08,152.03,122.5487,149.88,144.45,122.81,121.05,6.97,5.4,157.2,5.1,6.39,97.26,27816,5299,78.6658,100.7,104.7,1102.9,0,3740.4,8151.431,10614.942
1996/9/1,163.16,163.95,133.55,118.92,157.39,126.6484,148.1,148.19,118.71,124.48,7.118,5.22,157.7,5.2,6.6,97.7927,27851,5320,79.1997,101.8,103.9,1096.4,0,3747.2,8198.038,10666.743
1996/10/1,176.32,174.81,138.27,119.43,174.65,129.4278,156.39,157.6,119.75,129.76,6.923,5.3,158.2,5.2,6.27,98.2434,27817,5351.5,79.1389,102.4,103.6,1086.2,0,3762.4,8277.605,10748.817
1996/11/1,177.56,187.46,146.67,124.97,176.55,130.422,158.72,160.14,122.11,130.65,6.642,5.24,158.7,5.4,5.97,97.8598,27862,5375,79.8221,102.2,103.2,1083.8,0,3780.7,8310.436,10761.932
1996/12/1,192.12,205.11,152.91,126.79,204.27,136.4192,167.22,171.24,130.17,136.72,6.35,5.31,159.1,5.4,6.07,98.9296,27935,5401.7,80.3307,102.5,103.2,1081.4,0,3803.5,8273.193,10706.077
1997/1/1,183.49,197.34,153.35,125.41,198.81,130.655,167.8,166.83,134.33,132.99,6.641,5.29,159.4,5.3,6.33,100,28003,5434.9,80.4255,102.2,103.3,1081.8,0,3819.4,8347.407,10714.259
1997/2/1,203.28,213.25,160.9,125.77,225.41,133.7088,177.55,171.89,137.4,136.34,6.789,5.25,159.7,5.2,6.2,101.8516,28062,5457.7,81.4045,101.2,103.5,1079.3,0,3830.4,8426.081,10879.983
1997/3/1,205.85,221.31,153.48,124.18,209.61,137.6812,185.42,171.59,142.8,139.67,6.802,5.19,159.8,5.2,6.54,102.6546,28165,5477.6,81.9717,100,103.6,1072.6,0,3845.4,8432.692,10868.157
1997/4/1,191.72,205.24,161.04,119.66,200.57,135.0712,174.78,166.4,131.11,133.41,7.095,5.39,159.9,5.1,6.76,103.452,28157,5482.8,82.0209,98.8,103.6,1064,0,3862.5,8547.016,10972.836
1997/5/1,207.26,219.56,162.6,117.32,223.05,140.3173,188.22,176.12,135.28,136.71,6.957,5.51,159.9,4.9,6.57,102.4414,28245,5484.3,82.5095,98.8,103.4,1063.5,0,3871.9,8509.934,10937.32
1997/6/1,219.55,229.46,173.21,121.69,241.78,146.6231,197.47,188.95,142.84,144.71,6.905,5.5,160.2,5,6.38,102.0955,28305,5518.2,82.9253,98.8,103.2,1066,0,3889.7,8598.87,11041.944
1997/7/1,239.79,241.83,179.41,124.87,245.95,151.4715,204.06,199.79,146.64,149.72,6.785,5.56,160.4,4.9,6.12,103.2968,28387,5573,83.5464,98.5,103.2,1064.9,0,3907.4,8651.512,11087.571
1997/8/1,244.24,270.21,191.49,127.19,292.64,163.18,211.65,212.97,147.59,162.32,6.298,5.52,160.8,4.8,6.16,105.1786,28500,5611.8,84.434,98.4,103.2,1075.5,0,3937.3,8684.816,11119.401
1997/9/1,224.58,249.76,185.25,124.04,283.34,157.3302,192.11,199.63,140.99,154.23,6.611,5.54,161.2,4.9,6.11,105.6641,28546,5625.6,85.1978,98.4,102.9,1067.7,0,3958,8738.941,11164.627
1997/10/1,237.29,269.55,197.44,128.79,292.44,165.3382,200.86,209.02,153.64,155.58,6.399,5.54,161.5,4.7,5.93,106.2741,28650,5661.2,85.9177,98.6,102.5,1064.6,0,3975.8,8772.355,11195.994
1997/11/1,239.44,263.5,192.05,129.59,265.49,161.7154,196.74,194.69,157.95,141.89,6.153,5.5,161.7,4.6,5.8,108.0039,28800,5685.2,86.6748,98.1,102.5,1071.3,0,3995.6,8758.798,11172.35
1997/12/1,249.52,273.63,188.01,138.57,272.01,168.7222,211.25,206.8,179.1,143.13,6.054,5.52,161.8,4.7,5.77,112.2393,28936,5716.4,86.9454,97.2,102,1071.5,0,4015.8,8833.807,11262.238
1998/1/1,259.92,286.91,187.1,148.5,254.73,172.8829,219.01,208.55,184.21,141.37,5.923,5.5,162,4.6,5.42,115.9906,29174,5714.4,87.3838,95.9,101.3,1075,0,4039.5,8796.049,11205.078
1998/2/1,277.79,278.32,176.88,142.17,276.15,175.0749,214.33,210.24,194.08,140.4,5.8,5.56,162,4.6,5.49,114.4475,29341,5748.4,87.482,95,101,1076.6,0,4066.9,8917.632,11358.919
1998/3/1,292.68,304.08,188.48,146.22,304.83,192.1621,227.4,223.36,194.47,148.19,5.923,5.5,162,4.7,5.61,114.1786,29487,5775,87.552,94.1,100.7,1077.2,0,4097.3,8955.514,11399.306
1998/4/1,303.08,321.03,196.39,155.21,309.47,204.1607,237.95,235.56,215.2,156.09,5.933,5.49,162.2,4.3,5.61,113.9345,29555,5812.9,87.854,93.9,100.3,1076.3,0,4123.9,8950.656,11383.549
1998/5/1,310.02,325.82,203.23,151.19,326.59,208.8456,230.72,230.74,204.12,161.93,5.949,5.45,162.6,4.4,5.63,114.8202,29647,5863.3,88.4226,93.7,100.4,1079.4,0,4143.8,8977.526,11406.327
1998/6/1,303.47,317.65,195.64,149.91,305.93,215.6774,234.25,223.03,202.63,156.75,5.802,5.49,162.8,4.5,5.52,117.3693,29785,5897.2,87.8558,93.1,99.9,1076.2,0,4167.1,9056.032,11502.839
1998/7/1,325.2,330.52,193.13,155.08,335.89,224.4729,243.22,226.94,206.18,150.27,5.627,5.56,163.2,4.5,5.46,117.6859,29808,5915.6,87.5421,92.3,99.5,1074.7,0,4187.4,9075.208,11496.242
1998/8/1,326.46,330.11,181.92,146.94,350.48,223.0341,232.01,215.9,214.36,137.71,5.713,5.54,163.4,4.5,5.27,119.6039,29873,5951,89.3341,92,99,1076.3,0,4210.7,9125.129,11547.518
1998/9/1,289.47,253.7,160.75,149.61,293,188.6239,204.44,187.48,194.13,119.4,5.267,5.55,163.5,4.6,4.62,118.2007,29933,5991.8,89.1794,92.2,98.5,1079.5,0,4249.7,9239.226,11697.409
1998/10/1,323.23,258.39,182.77,160.89,331.83,186.952,204.86,193.59,215.5,126.67,4.978,5.51,163.9,4.5,4.18,115.0699,29953,6025.8,89.8907,92.3,98.4,1085.3,0,4285.4,9296.911,11753.443
1998/11/1,334.5,289.12,184.92,157.44,354.04,208.3886,235.43,212.11,231.59,130.96,5.157,5.07,164.1,4.4,4.54,115.0556,30047,6042.7,89.8458,91.8,98.6,1094.1,0,4327,9339.277,11791.444
1998/12/1,354.59,308.58,185.45,159.12,394.69,224.0837,245.27,220.21,242.11,135.21,5.063,4.83,164.4,4.4,4.45,114.3004,30071,6098.2,90.1893,91,98.5,1093.9,0,4356.5,9340.762,11766.513
1999/1/1,369.84,314.38,183.44,163.39,452.51,241.2688,249.4,227.93,274.95,130.09,5.095,4.68,164.7,4.3,4.6,114.4694,30162,6099.1,90.6043,91.3,98.5,1099.8,0,4381.5,9391.969,11802.218
1999/2/1,368.27,320.57,170.06,155.89,530.69,254.8239,243.69,231.54,297.53,127.02,5.086,4.63,164.7,4.4,4.91,116.0621,30238,6128.2,91.0816,91.2,98.3,1097.3,0,4406,9446.765,11865.904
1999/3/1,371.27,324.46,168.33,149.3,465.45,255.1936,233.32,227.32,289.58,128,5.576,4.76,164.8,4.2,5.14,117.4556,30248,6159.7,91.235,91.5,97.9,1096.5,0,4413.6,9502.575,11925.266
1999/4/1,379.77,336.32,192.89,146.39,507.55,266.4461,228.15,236.25,283.23,131.07,5.625,4.81,165.9,4.3,5.08,116.8527,30162,6223.6,91.4677,92.4,98.1,1100.1,0,4442.1,9527.481,11929.687
1999/5/1,354.26,358.64,220.88,158.52,513.17,273.2903,230.68,256.37,293.87,162.59,5.662,4.74,166,4.2,5.44,116.6283,30195,6253.4,92.1525,93.1,98.2,1104.1,0,4465,9567.209,11980.263
1999/6/1,343.73,338.35,214.26,167.87,506.62,261.3951,231.12,248.64,299.43,149.87,5.828,4.74,166,4.3,5.81,117.2629,30267,6281.9,92.0042,92.9,98.2,1100.1,0,4488.2,9576.325,11977.116
1999/7/1,359.21,351.79,216.1,161.45,566.61,276.9181,228.26,264.93,319.82,157.31,5.963,4.76,166.7,4.3,5.68,117.3426,30268,6309.5,92.5769,93.8,98.1,1098.2,0,4512.9,9686.288,12095.114
1999/8/1,339.18,329.45,218.76,159.08,562.7,260.6776,226.06,254.97,312.26,154.81,6.103,4.99,167.1,4.2,5.84,116.2866,30364,6354.8,92.9517,94.8,98.4,1099.3,0,4531.6,9685.462,12085.675
1999/9/1,350.18,313.96,221.32,160.04,597.16,251.5074,221.91,252.26,281.96,148.27,6.059,5.07,167.8,4.2,5.8,115.6093,30310,6407.4,92.5954,95.8,98.5,1095.8,0,4547.4,9765.09,12157.919
1999/10/1,321.55,297.14,212.33,151.85,594.47,252.6919,198.76,251.03,295.08,143.72,6.05,5.22,168.1,4.1,6.03,115.0942,30468,6431.2,93.8128,96,98.8,1103.1,0,4567.6,9845.192,12237.159
1999/11/1,356.87,346.17,209.23,153.63,605,270.4906,212.96,256.97,318.15,146.87,6.163,5.2,168.4,4.1,5.97,115.3718,30655,6467.2,94.2587,96.7,99,1109.5,0,4590.5,9915.262,12310.633
1999/12/1,358.92,328.84,212.21,141.63,673.12,273.0785,215.68,248.21,330.62,144.52,6.293,5.42,168.8,4,6.19,115.4366,30879,6568.2,94.9777,97.4,99,1119.8,0,4615.9,10017.849,12421.486
2000/1/1,326.78,321.72,212.72,142.43,807.44,299.3063,208.05,273.38,322.81,159.96,6.477,5.3,169.3,4,6.58,115.2326,31111,6564.7,94.9864,97.8,99.2,1124.7,0,4649.8,9954.657,12294.895
2000/2/1,345.91,311.09,209.22,157.63,745.4,274.2822,193.87,248.4,311.05,141.06,6.49,5.45,170,4.1,6.68,116.6814,31208,6648.7,95.2576,99.7,99.6,1108.4,0,4660.2,10023.431,12354.843
2000/3/1,309.58,276.92,196.1,147.16,845.94,258.2773,174.01,237.5,285.92,127.19,6.14,5.73,171,4,6.5,116.6722,31260,6714.8,95.6407,99.9,100,1105.8,0,4687,10115.006,12426.924
2000/4/1,326.26,327.62,216.62,151.48,916.71,287.6298,171.55,269.35,317.2,139.59,5.828,5.85,170.9,3.8,6.26,117.3305,31363,6701,96.3318,98.5,100,1117.9,0,4743.9,10253.613,12582.963
2000/5/1,351.91,316.76,214.81,162.91,833.68,281.927,175.73,274.18,297.44,133.43,5.96,6.02,171.2,4,6.69,119.929,31454,6737.2,96.5139,98.8,100.2,1105,0,4735.1,10261.87,12578.282
2000/6/1,370.9,337.34,234.16,169.31,746.2,268.9761,192.32,272.32,267.73,129.95,6.008,6.27,172.2,4,6.3,118.7024,31498,6773.6,96.5856,100.2,100.1,1102.2,0,4751.6,10319.538,12615.646
2000/7/1,401.68,316.56,221.76,158.71,831.85,262.2645,193.96,265.54,271.99,118.08,5.896,6.53,172.7,4,6.18,119.0328,31635,6793.7,96.4624,100.2,100,1104.4,0,4768.5,10274.533,12527.814
2000/8/1,378.92,348.79,216.69,169.75,792.1,259.0823,191.85,267.85,249.99,118.74,5.781,6.54,172.7,4.1,6.06,119.8187,31776,6828.7,96.1414,100.4,99.8,1100.6,0,4796.2,10379.726,12645.384
2000/9/1,380.82,381.49,232.3,192.14,880.71,253.9447,189.03,291.93,244.03,120.2,5.668,6.5,173.6,3.9,5.93,121.2928,31747,6913.1,96.5318,101.6,100.4,1100.3,0,4830.6,10418.076,12648.813
2000/10/1,399.7,390.29,239.58,209.32,715.78,248.4063,197.23,288.13,241.62,108.23,5.885,6.52,173.9,3.9,5.78,123.019,31770,6919.6,96.2532,101.2,100.3,1098.8,0,4849.4,10475.129,12697.279
2000/11/1,414.08,388.08,234.74,200.92,674.3,243.6025,220.03,295.59,246.91,118.63,5.788,6.51,174.2,3.9,5.7,123.9686,31722,6934.5,96.2769,101.2,100.3,1093.1,0,4858.3,10481.858,12688.918
2000/12/1,431.2,364.43,227.71,197.91,535.41,229.232,229.74,282.87,211.6,114.93,5.608,6.51,174.6,3.9,5.17,122.9893,31735,6979.1,96.0165,100.5,100.1,1088.6,0,4895.7,10459.868,12651.007
2001/1/1,442.92,397.09,240.87,216.03,476.64,237.2528,238.15,285.77,194.76,131.61,5.457,6.4,175.6,4.2,4.86,122.8508,31886,7009.8,95.3542,100.5,100.3,1094.6,0,4950.8,10505.137,12662.676
2001/2/1,406.43,395.38,233.57,194.83,562.02,269.2784,223.12,282.81,222.66,128.19,5.501,5.98,176,4.2,4.89,123.5401,31928,7029.3,94.7736,99.9,100.2,1100.2,0,4989.1,10501.589,12635.545
2001/3/1,406.9,368.84,228.33,201.24,404.58,248.3887,225.77,278.46,202.63,129.31,5.314,5.49,176.1,4.3,4.64,125.5643,32004,7022.1,94.5456,98.3,100,1107.8,0,5043.4,10517.637,12630.953
2001/4/1,376.44,357.39,224.76,199.51,353.1,236.7704,213.79,255.02,192.48,123.42,5.444,5.31,176.4,4.4,4.76,126.533,31907,7036.2,94.3111,97.8,99.9,1115.3,1,5109.1,10602.36,12693.657
2001/5/1,386.44,370.16,247.02,210.96,412.85,257.0331,211.85,286.1,199.91,137.19,5.788,4.8,177.3,4.3,4.93,126.3918,31814,7083.1,93.6876,98,99.6,1118.4,1,5107.5,10680.714,12761.003
2001/6/1,390.42,384.33,247.37,203.44,392.18,264.0764,215.65,294.39,196.71,142.17,5.753,4.21,177.7,4.5,4.81,127.2434,31789,7097.1,93.1114,97.6,99.4,1126.6,1,5147.9,10632.078,12675.582
2001/7/1,372.25,383.87,230.56,186.9,396.69,259.9792,208.55,282.65,188.1,135.94,5.759,3.97,177.4,4.6,4.76,127.6692,32239,7109.2,92.586,96.1,99,1137.7,1,5177.8,10625.102,12642.013
2001/8/1,391.95,377.14,226.74,178.08,373.09,260.7304,210.02,272.94,195.94,136.12,5.522,3.77,177.4,4.9,4.57,125.5702,32771,7146.1,92.4101,96,98.8,1147.9,1,5211.9,10734.716,12773.112
2001/9/1,377.34,353.6,217.88,172.46,325.98,233.0246,218.53,260.93,177.75,134.56,5.368,3.65,178.1,5,4.12,125.926,32502,7054.8,92.0924,95.9,99,1208.3,1,5315.1,10558.64,12594.474
2001/10/1,382.79,332.25,203.11,152.15,261.85,203.4366,214.05,228.59,187.82,119.34,5.421,3.07,177.6,5.3,3.91,126.7664,31968,7250.2,91.6854,93.7,98.3,1166.6,1,5310.9,10684.369,12693.622
2001/11/1,380.6,325.55,209.52,151.43,307.35,208.0684,212.7,233.12,162.41,122.17,4.874,2.49,177.5,5.5,3.97,127.2859,32019,7209.6,91.2155,92.3,97.8,1169.8,1,5351.6,10626.956,12614.848
2001/12/1,398.56,348.23,200.73,142.61,359.73,236.2206,217.31,254.63,165.33,136.35,5.286,2.09,177.4,5.7,4.39,127.363,32074,7190,91.2654,91.4,97.6,1182.3,0,5404.7,10792.627,12806.855
2002/1/1,385.59,355.26,211.3,145.88,352.7,241.8771,218.39,265.77,168.11,132.93,5.466,1.82,177.7,5.7,4.34,128.9488,32733,7217.7,91.7848,91.6,97.5,1190.4,0,5426.6,10842.511,12852.151
2002/2/1,381.61,348.95,207.27,137.2,357.53,239.72,220.68,251.66,154.42,135.43,5.431,1.73,178,5.7,4.3,129.6872,32744,7259.7,91.8034,91.6,97.3,1189.8,0,5455.5,10795.015,12776.96
2002/3/1,382.58,343.38,215.44,133.54,307.34,242.59,229.47,257.5,144.47,142.16,5.417,1.74,178.5,5.7,4.74,128.9423,32707,7276.7,92.5295,92.8,97.6,1194.4,0,5469.3,10865.809,12837.18
2002/4/1,383.14,365.79,229.74,149.43,326.35,246.95,236.99,261.35,141.35,146.84,5.795,1.73,179.3,5.9,4.65,128.5662,32776,7345.6,92.9204,94.3,98,1185.2,0,5470.4,10911.236,12881.373
2002/5/1,359.14,355.53,218.01,146.44,285.9,236.88,241.38,236.87,118.82,139.76,5.593,1.75,179.5,5.8,4.49,127.0069,32821,7321.8,93.2998,94.4,98,1187.9,0,5495.5,10914.193,12872.117
2002/6/1,351.7,354.35,218.21,132.79,274.82,236.3,243.36,237.21,123.14,146.21,5.616,1.75,179.6,5.8,4.19,125.5698,32866,7366.1,94.1905,94.1,98,1196,0,5512.5,10978.827,12925.038
2002/7/1,319.2,336.94,217.58,122.93,241.37,217.17,228.52,223.29,107.67,142.94,5.509,1.75,180,5.8,3.81,123.8081,32736,7424.2,93.9664,94.5,98.3,1199.7,0,5556,11049.634,12988.623
2002/8/1,312.25,309.68,189.85,105.54,221.23,191.61,217.94,213.72,93.67,126.83,5.302,1.73,180.5,5.7,3.29,125.2347,32681,7449,93.9897,94.8,98.5,1184,0,5602.7,11008.541,12926.276
2002/9/1,315.56,315.43,188.98,108.8,218.48,196.53,220.03,208.83,92.02,125.93,4.926,1.74,180.8,5.7,2.94,126.1594,32670,7426.1,94.1275,95.5,98.8,1197.4,0,5627.1,11052.995,12951.819
2002/10/1,295.07,278.01,172.62,94.42,180.12,179.51,203.53,183.41,79,109.47,4.669,1.75,181.2,5.7,2.95,127.0667,32716,7469.3,93.7988,95.5,98.7,1203.6,0,5669.7,11043.653,12910.867
2002/11/1,312.4,302.46,177.56,92.37,220.27,191.08,210.51,190.37,104.18,114.94,4.987,1.75,181.5,5.9,3.05,125.7827,32765,7499.8,94.2885,94.6,98.8,1206.6,0,5718.7,11095.712,12954.241
2002/12/1,320.3,314.35,183.19,94.25,257.34,200.33,204.15,202.21,116.67,128.39,5.036,1.34,181.8,6,3.03,125.1344,32837,7552.6,93.8334,95.2,98.6,1221.1,0,5743.2,11172.137,13026.202
2003/1/1,308.58,296.91,183.13,97.76,220.17,182.75,204.62,192.5,107.78,122.69,4.779,1.24,182.6,5.8,3.05,123.5893,32828,7579.5,94.3584,96.9,98.9,1223.6,0,5774.9,11172.248,12993.647
2003/2/1,307.04,291.3,178.38,94.5,216.44,176.73,197.1,183.11,100.25,116.56,4.842,1.24,183.6,5.9,2.9,123.4354,32739,7573.6,94.6468,98.5,99.5,1237.4,0,5809.3,11268.072,13073.027
2003/3/1,301.09,281.75,181.06,89.48,221.67,175.15,191.38,179.75,91.87,113.1,4.67,1.26,183.9,5.9,2.78,122.9623,32832,7627.5,94.4394,99.1,99.7,1239.1,0,5831.1,11249.914,13026.44
2003/4/1,311.21,280.07,183.11,93.6,218.97,179.84,190.25,181.94,91.53,113.06,4.816,1.25,183.2,6,2.93,121.9868,33019,7661.7,93.764,96,99.6,1247.4,0,5866.1,11329.866,13112.594
2003/5/1,321.76,313.82,182.22,101.51,238.71,200.62,195.75,201.22,99.75,123.44,4.765,1.26,182.9,6.1,2.52,118.0148,33249,7669.2,93.7793,95.3,99.7,1268,0,5930.6,11326.118,13099.653
2003/6/1,327.16,329.75,197,111.5,258.68,210.72,204.97,206.46,106.44,126.92,4.377,1.26,183.1,6.3,2.27,117.3741,33335,7722.9,93.9277,96.2,99.5,1281,0,5963.9,11455.975,13243.847
2003/7/1,341.02,329.97,194.82,112.45,258.49,213.71,206.47,209.75,110.25,127.76,4.558,1.22,183.7,6.2,2.87,118.5845,33682,7783.8,94.3114,96.7,99.4,1286.3,0,6009.8,11531.047,13303.952
2003/8/1,335.79,344.22,189.91,104.79,272.79,218.29,205.02,215.73,103.49,137.78,5.358,1.01,184.5,6.1,3.37,119.8917,33861,7878.9,94.138,96.7,99.4,1298.4,0,6072.6,11621.299,13365.984
2003/9/1,322.82,340.19,200.67,106.26,288.27,229.08,208.96,224.57,103.49,141.73,5.224,1.03,185.1,6.1,3.18,118.5507,33442,7874,94.7363,96.2,99.8,1296,0,6049.2,11723.065,13446.986
2003/10/1,323.85,341.8,195.65,110.76,286.32,218.1,207.96,218.29,99.12,135.01,4.883,1.01,184.9,6,3.19,116.2085,33557,7890.6,94.8514,96.3,100,1294.5,0,6036.2,11750.745,13470.039
2003/11/1,325.99,364.43,197.23,111.65,309.6,237.5,218.01,230.49,103.58,147.31,5.132,1.01,185,5.8,3.29,116.0767,33778,7950.4,95.6337,96.8,100.5,1303.2,0,6037,11835.163,13551.418
2003/12/1,330.72,362.82,196.96,111.24,314.39,239.51,219.85,233.63,102.27,150.35,5.132,1,185.5,5.7,3.27,114.5057,33814,7974.3,95.5638,97.5,100.8,1303.5,0,6038.3,11864.572,13564.464
2004/1/1,349.66,379.82,224.14,118.39,322.66,248.7,223.5,249.74,111.32,165.34,5.074,0.98,186.3,5.7,3.12,112.6034,33830,8037.3,95.7472,99,101.5,1304.3,0,6041.8,11864.356,13503.223
2004/2/1,359.17,391.02,226.94,120.58,333.88,246.66,223.69,252.43,115.43,157.38,4.962,1,186.7,5.6,3.07,113.1422,33880,8072.1,96.3214,99.4,102.2,1319.7,0,6078,11999.145,13617.436
2004/3/1,361.64,400.84,236.04,122.4,322.91,251.65,236.37,249.63,117.72,165.03,4.838,1.01,187.1,5.8,2.79,114.2574,33979,8121,95.8684,100.2,103,1326.7,0,6115.5,12101.708,13698.557
2004/4/1,346.54,396.07,234.45,123.31,314.25,251.26,234.99,246.16,115.95,161.57,4.773,1,187.4,5.6,3.39,115.0672,34065,8141.6,96.2677,100.4,103.7,1326.2,0,6152.7,12110.16,13671.348
2004/5/1,357.15,376.87,238.31,118.48,299.55,247.25,237.62,245.71,115.28,153.76,5.286,1,188.2,5.6,3.85,116.9381,34214,8212.9,97.0723,101.9,104.1,1336.9,0,6234.3,12241.532,13770.19
2004/6/1,355.9,383.29,238.54,119.04,314.31,248.89,234.43,251.22,110.55,157.05,5.346,1,188.9,5.6,3.93,115.828,34188,8204.6,96.2562,101.7,103.4,1343.9,0,6239.3,12192.502,13677.019
2004/7/1,354.66,384.41,250.82,120.51,322.94,250.04,234.96,265.78,113.9,164.75,5.289,1.03,189.1,5.5,3.69,115.0168,34213,8270.7,97.0032,102.1,103.9,1338.8,0,6250,12347.383,13815.126
2004/8/1,335.43,375.48,259.15,122.21,298.56,240.04,223.29,260.18,117.46,161.11,5.198,1.26,189.2,5.4,3.47,115.1844,34284,8294.4,97.0723,103.6,103.4,1353.1,0,6275.3,12362.973,13834.051
2004/9/1,340.67,387.57,255.56,126.64,282.45,239.65,227.48,259.24,118.8,163.63,4.928,1.43,189.8,5.4,3.36,114.7123,34255,8373,97.1565,104.1,103.8,1361,0,6311.2,12392.876,13843.112
2004/10/1,334.3,383.48,276.95,127.41,290.63,246.57,220.74,264.48,120.18,169.66,4.893,1.61,190.8,5.5,3.35,113.1034,34257,8417.9,98.0701,105.8,104.4,1364.3,0,6335.9,12521.66,13939.438
2004/11/1,326.87,384.33,278.66,133.32,305.85,256.54,222.04,267.31,121.26,168.27,4.79,1.76,191.7,5.4,3.53,110.2269,34149,8458.4,98.2541,105.5,104.7,1371.2,0,6366.4,12549.896,13943.721
2004/12/1,331.87,395.01,294.61,138.34,320.5,266.66,228.41,282.56,126.07,180.96,5.003,1.93,191.7,5.4,3.6,109.0101,35370,8516.5,98.9703,104,104.8,1374,0,6389.3,12614.933,13967.763
2005/1/1,350.48,411.09,288.63,141.6,329.55,278.9,236.99,289.57,129.1,183.18,4.827,2.16,191.6,5.3,3.71,109.5756,34164,8521.2,99.417,104.6,105.6,1369.2,0,6391.2,12792.275,14106.455
2005/2/1,339.13,401.56,296.47,144.31,312.26,267.24,239.57,281.71,119.29,177.46,4.586,2.28,192.4,5.4,3.77,109.7875,34156,8575.7,100.0955,105.5,105.7,1371,0,6401.9,12787.49,14066.899
2005/3/1,348.95,398.5,350.68,146.73,312.18,265.87,239.79,282.96,120.06,190.91,4.72,2.5,193.1,5.2,4.17,109.191,34240,8622.5,99.9283,107.8,106.4,1371.3,0,6409.5,12861.423,14123.822
2005/4/1,346.92,382.47,337.88,147.89,304.93,262.455,237.36,283.67,117.99,185.5,4.756,2.63,193.7,5.2,4,110.1139,34282,8715.9,100.0742,108.8,106.9,1357.1,0,6422.9,12923.766,14165.095
2005/5/1,358.57,381.8,319.92,152.21,292.87,245.417,234.84,275.02,118.15,172.44,4.514,2.79,193.6,5.1,3.85,110.5925,34398,8680.6,100.2414,107.9,106.7,1365.5,0,6439.5,12932.429,14118.868
2005/6/1,361.47,391.67,324.28,151.9,315.37,259.658,239.63,281.11,119.56,170.4,4.321,3,193.7,5,3.77,111.6751,34469,8775.3,100.6437,109.2,106.7,1379.1,0,6471.5,13066.055,14234.092
2005/7/1,359.92,396.42,343.01,160.23,309.82,259.294,234.58,272.93,121.1,167.01,4.192,3.04,194.9,5,3.98,112.1166,34527,8867.9,100.3278,110.5,106.8,1369.7,0,6497.2,13151.929,14271.508
2005/8/1,368.09,401.6,362.63,163.52,327.96,273.761,241.5,281.96,124.88,175.91,4.472,3.26,196.1,4.9,4.12,110.6815,34548,8872.6,100.5151,112.1,106.6,1375.3,0,6533.3,13218.777,14317.11
2005/9/1,366.04,393.52,381.12,164.27,326.95,264.149,237.75,275.11,120.54,168.26,4.255,3.5,198.8,5,4.01,110.589,34341,8923.6,98.6063,114.4,107.5,1373.6,0,6566.5,13245.628,14286.541
2005/10/1,363.77,396.7,403.96,170.43,327.8,256.41,240.47,278.17,118.72,169.25,4.568,3.62,199.1,5,4.33,111.6314,34477,8959.6,99.8695,114.5,108.3,1378.1,0,6601.9,13296.804,14300.214
2005/11/1,352.77,408.51,366.02,159.46,320.58,251.24,239.43,274.98,116.25,170.07,4.755,3.78,198.1,5,4.45,112.4071,34686,8987.7,100.9014,112.3,107.6,1377.5,0,6623.1,13362.49,14360.368
2005/12/1,355.5,425.94,370.95,158.37,340.88,260.78,241.15,290.26,121.96,182.1,4.694,4,198.1,4.9,4.39,111.6955,34844,9026.8,101.4873,112.3,107.7,1374.6,0,6647.9,13485.593,14459.646
2006/1/1,367.49,426.4,372.73,159.66,330.81,258.39,240.16,290.6,117.42,187.12,4.536,4.16,199.3,4.7,4.35,110.1641,35286,9100.1,101.6088,113.7,108.5,1380.3,0,6688.9,13576.121,14502.803
2006/2/1,372.65,429.51,424.36,163.4,341.37,262.83,239.75,289.28,121.24,195.87,4.678,4.29,199.4,4.8,4.57,110.4109,35412,9134.7,101.6839,112.8,108.6,1379.5,0,6716.4,13603.359,14505.344
2006/3/1,375.53,437.15,389.8,164.49,337.97,264.43,242.07,296.13,129.19,191.66,4.508,4.49,199.7,4.7,4.72,110.5759,35451,9168.1,101.8522,112.7,108.8,1379.7,0,6729.8,13767.232,14630.104
2006/4/1,370.66,437.45,404.78,156.4,344.06,265.34,242.52,309.53,133.14,199.86,4.891,4.59,200.7,4.7,4.9,109.8032,35379,9223.3,102.2952,115.1,109.6,1385.9,0,6763.3,13744.142,14554.369
2006/5/1,358.73,455.21,425.48,158.61,340.1,268.71,244.01,315.72,129.26,206.93,5.163,4.79,201.3,4.6,5,107.5593,35321,9254.1,102.1531,117.2,110.4,1385.5,0,6773.8,13816.37,14615.865
2006/6/1,350.62,437.29,411.95,160.4,315.72,264.37,245.19,310.15,125.37,197.99,5.229,4.94,201.8,4.6,5.07,108.8342,35370,9283.8,102.522,117.3,111.2,1370.4,0,6807.2,13838.87,14598.485
2006/7/1,350.69,434.13,420.35,163.8,310.42,263.41,248.12,308.1,131.25,197.79,5.187,4.99,202.9,4.7,5.04,108.564,35330,9360.4,102.5057,118.2,111.6,1371.9,0,6848.6,13833.285,14553.697
2006/8/1,369.62,444.15,441.21,171.69,298.7,254.48,252.59,291.74,136.79,190.88,5.066,5.24,203.8,4.7,4.82,107.8447,35292,9368.6,102.8357,118.8,112.1,1371,0,6879,13919.206,14595.407
2006/9/1,379.54,447.63,423.25,175.65,323.38,259.25,261.67,295.15,138.36,196.03,4.878,5.25,202.8,4.5,4.67,108.1139,35476,9393.9,102.6606,116.2,111.7,1363.6,0,6903.3,13973.003,14658.835
2006/10/1,384.92,465.83,411.38,172.33,336.28,275.84,260.75,306.29,143.89,195.56,4.763,5.25,201.9,4.4,4.69,108.3846,35650,9413.3,102.6297,113.3,111.4,1368.8,0,6951.5,14003.3,14671.618
2006/11/1,386.53,476.38,429.74,181.5,350.12,293.58,265.52,313.29,148.87,207.05,4.716,5.25,202,4.5,4.58,107.4987,35747,9431.2,102.539,113.8,111.8,1371.2,0,6994.7,14089.538,14751.135
2006/12/1,384.43,477.46,464.36,184.9,361.19,296.5,262.66,320.01,148.38,215.61,4.563,5.25,203.1,4.4,4.53,106.6759,35813,9516.5,103.6229,115.1,112.5,1370.5,0,7034.2,14106.272,14728.057
2007/1/1,388.74,495.31,455.53,186.6,356.28,302.92,268.41,322.63,155.15,216.56,4.811,5.24,203.437,4.6,4.75,107.6978,35819,9553.1,103.1171,113.7,113,1372.3,0,7075.4,14153.664,14700.079
2007/2/1,400.44,498.79,447.11,185.9,361.86,311.29,273.35,326.84,159.95,226.25,4.908,5.25,204.226,4.5,4.71,107.3306,35887,9590.8,104.172,114.1,113.9,1365.5,0,7093.5,14301.615,14783.6
2007/3/1,390.38,482.42,436.83,194.77,350.44,301.83,268.63,321.88,158.88,230.84,4.682,5.26,205.288,4.4,4.48,106.786,35970,9631.6,104.3501,115.9,114.7,1363.8,0,7114.9,14244.399,14694.396
2007/4/1,391.15,478.27,463.37,202.34,352.34,299.93,272.68,324.51,165.02,234.71,4.844,5.26,205.904,4.5,4.59,105.4381,35936,9670.6,105.0975,117.5,115.2,1378.2,0,7194.4,14387.294,14826.114
2007/5/1,418.9,497.29,487.5,210.7,371.38,307.41,281.34,339.8,165.13,239.23,4.814,5.25,206.755,4.4,4.67,104.545,35891,9708.9,105.1436,118.6,115.5,1379.4,0,7210.5,14430.06,14845.989
2007/6/1,424.28,506.99,520.75,211.29,385.78,315.89,284.69,354.9,181.06,252.14,5.011,5.25,207.234,4.6,5.03,104.2837,35820,9723.3,105.1474,120,116,1364.8,0,7238.5,14449.585,14843.963
2007/7/1,409.01,485.41,529.71,200.1,388.2,310.21,278.44,354.5,176.21,250.1,5.125,5.25,207.603,4.7,4.88,102.947,35870,9759.6,105.1149,121.5,116.1,1368.4,0,7270.3,14448.242,14838.344
2007/8/1,390.98,446.82,533.45,192.46,386.44,292.13,271.8,358.03,171.12,244.38,4.903,5.26,207.667,4.6,4.43,103.5237,35859,9800.6,105.3166,121.1,116.3,1368.7,0,7343.3,14591.521,14975.054
2007/9/1,399.84,452.46,536.35,195.99,397.04,292.82,278.51,357.33,170.99,242.48,4.823,5.02,208.547,4.7,4.2,102.0826,35918,9837.5,105.6629,121.8,116.7,1380.9,0,7364.5,14669.262,15002.16
2007/10/1,411.58,461.49,579.47,202.43,411.97,289.95,290.1,373.48,178.61,260.99,4.837,4.94,209.19,4.7,4.2,100.0674,35822,9853.9,105.1595,123.6,117.6,1375.3,0,7377,14615.812,14940.516
2007/11/1,419.21,452.3,585.46,215.81,441.36,289.97,294.91,371.33,175.99,271.42,4.747,4.76,210.834,4.7,3.67,98.6538,35759,9928.6,105.729,127.5,118.7,1372,0,7409.2,14693.725,14998.336
2007/12/1,422.81,415.89,562.13,216.03,405.64,273.03,303.33,357.47,163.23,257.59,4.38,4.49,211.445,5,3.49,99.4784,35883,9947.6,105.7256,127.3,119.3,1377.9,0,7442.4,14746.453,15036.481
2008/1/1,409.7,392.08,603.04,216.11,411.62,259.53,299.55,354.35,168.26,259.84,4.453,4.24,212.174,5,2.98,98.6465,35961,9963.2,105.4069,129.2,120.7,1380.3,1,7469.7,14767.515,15026.444
2008/2/1,389.6,389.71,537.15,201.06,360.14,256.13,283.56,338.54,151.63,249.38,4.323,3.94,212.687,4.9,2.78,97.8289,35999,9955.7,105.054,129.5,121.8,1380.3,1,7553.6,14574.79,14785.804
2008/3/1,379.69,345.16,572.93,190.38,345.2,245.68,282.83,328.13,137.08,254.01,4.403,2.98,213.448,5.1,2.48,95.9095,36049,10004.2,104.7987,133.5,123.8,1390.7,1,7618.3,14663.03,14856.314
2008/4/1,360.79,334.56,557.65,193.04,348.36,243.32,291.22,338.51,143.79,250.62,4.293,2.61,213.942,5,2.84,95.5381,35887,10044.6,104.0207,137.3,124.4,1390.8,1,7668.7,14699.853,14870.289
2008/5/1,365.92,355.78,618.24,203.09,372.42,253.6,290.1,343.04,149.34,263.97,4.468,2.28,215.208,5.4,3.15,95.8995,37585,10093.3,103.4941,141.2,124.8,1390,1,7674.7,14739.732,14891.636
2008/6/1,372.14,333.13,637.78,208.96,392.73,254.78,293.82,345.82,154.34,276.15,4.716,1.99,217.463,5.6,3.49,96.0765,36564,10149.4,103.3216,145.5,126.1,1399.8,1,7693.1,14999.337,15127.92
2008/7/1,354.54,270.95,652,206.74,356.35,223.57,273.97,302.65,136.46,260.34,4.525,2,219.016,5.8,3.3,95.3717,35958,10151.1,102.7625,147.5,128,1415.5,1,7737.3,14913.955,14977.326
2008/8/1,372.03,289.39,560.76,193.77,351.84,224.52,282.87,307.94,127.17,249.49,4.574,2.01,218.69,6.1,3.14,97.887,35640,10140.3,101.2245,143,125.9,1406.4,1,7754.1,14843.292,14905.867
2008/9/1,378.47,285.59,556.07,190.18,358.94,240.284,289.98,313.11,131.71,242.46,4.424,2,218.877,6.1,2.88,100.3052,35650,10083.2,96.8689,137.8,124.9,1450.3,1,7806.7,14771.703,14791.458
2008/10/1,354.52,270.68,489.35,168,313.19,221.25,285.3,275.05,114.99,200.66,4.312,1.81,216.995,6.5,2.73,106.9585,35799,9983.3,97.7617,129.6,122.3,1463.8,1,7927.3,14619.965,14641.457
2008/11/1,312.67,209.13,401.21,148.06,257.42,178.62,253.68,222.99,104.04,156.16,4.367,0.97,213.153,6.8,2.29,109.6407,36022,9851.2,96.5572,120,118.4,1516.2,1,7966,14649.757,14669.049
2008/12/1,290.21,169.95,402.8,151.66,227.98,161.15,248.57,206.03,110.72,138.64,3.438,0.39,211.398,7.3,1.52,108.4923,35867,9744.2,93.7183,114.5,115.8,1592.4,1,8144.1,14380.124,14420.233
2009/1/1,309.41,168.79,386.35,147.93,231.81,169.41,246.66,207.21,111.7,137.59,2.676,0.16,211.933,7.8,1.6,109.1685,35993,9792.1,91.5058,113,116.6,1594.7,1,8242.6,14418.899,14404.259
2009/2/1,305.41,123.98,374.14,146.71,224.68,151.38,227.76,180.99,99.35,127.63,3.604,0.15,212.705,8.3,1.87,111.8557,35646,9775.7,90.934,113,116.3,1569.8,1,8268.5,14388.8,14365.752
2009/3/1,266.19,101.15,327.54,127.71,215.01,138.22,211.27,148.49,96.53,116.34,3.709,0.22,212.495,8.7,1.82,112.3416,35624,9742.9,89.5012,113.6,115.5,1576.1,1,8329.2,14343.956,14355.009
2009/4/1,283.04,119.01,339.68,130.39,240.99,154.82,218.77,162.1,102.24,133.71,3.535,0.18,212.709,9,1.86,109.5535,35795,9741.9,88.7058,114.8,116.1,1612.4,1,8335.4,14326.656,14351.454
2009/5/1,280.53,145.4,356.03,130.94,270.01,183.51,225.41,190.83,104.52,153.89,4.033,0.15,213.022,9.4,2.13,106.4026,36326,9759.7,87.7758,116.8,116.6,1615.2,1,8393.3,14344.619,14366.838
2009/6/1,298.86,164.44,392.21,135,276.49,181.57,237.76,195.89,103.14,162.43,4.337,0.18,214.79,9.5,2.71,105.0401,35683,9807.6,87.4125,120,117.8,1643.7,1,8403.5,14349.976,14348.251
2009/7/1,306.45,160.76,373.84,141.9,287.63,182.15,238.18,191.29,104.18,154.48,4.33,0.21,214.726,9.5,2.46,104.6458,35531,9835.2,88.3209,119.3,117.4,1653,0,8407.4,14319.146,14347.466
2009/8/1,324.11,174.88,389.92,147.13,313.92,199.22,252.85,208.97,107.93,175.04,4.299,0.16,215.445,9.6,2.57,103.394,35415,9961.9,89.2996,121.1,118.1,1659.8,0,8407.6,14422.578,14434.104
2009/9/1,330.78,197.37,391.31,147.38,321.3,205.86,254.89,217.62,105.32,178.47,4.179,0.16,215.861,9.8,2.37,102.6145,35433,9875.4,89.9908,121.3,117.9,1662,0,8404.6,14410.71,14425.888
2009/10/1,333.76,201.18,409.31,148.93,335.65,216.48,263.19,231.92,108.29,186.92,4.051,0.15,216.509,10,2.33,101.1504,35260,9924.6,90.2527,122.3,117.9,1672.3,0,8429.7,14595.288,14594.077
2009/11/1,326.06,189.03,422.22,144.15,334.37,211.1,265.94,221.11,103.04,176.96,4.226,0.12,217.234,9.9,2.23,100.67,35317,9946.1,90.6331,124.1,118.9,1688.6,0,8470,14590.665,14559.655
2009/12/1,355.43,197.02,434.25,150.16,351.1,225.31,276.11,240.3,109.62,197.04,4.193,0.12,217.347,9.9,2.34,101.1194,35416,10000.6,90.8895,124.4,119.7,1696.5,0,8475.7,14513.58,14472.113
2010/1/1,362.22,193.78,429.95,157.99,370.71,235.07,274.3,242.99,114.64,199.81,4.642,0.12,217.488,9.8,2.48,101.406,35331,10003.4,91.9065,125.9,120.7,1685.3,0,8426.5,14611.121,14548.185
2010/2/1,363.75,190.92,410.57,149.93,339.38,228.13,270.88,240.06,103.95,182.5,4.489,0.11,217.281,9.8,2.36,102.9284,35246,10034.7,92.2135,125.8,120.3,1697.3,0,8472.4,14653.101,14581.579
2010/3/1,363.79,197.43,418.27,147.14,353.04,240.2188,278.19,251.04,102.61,190.2,4.558,0.13,217.353,9.9,2.43,102.0469,35303,10095.5,92.8133,126.3,121.2,1710.9,0,8470.5,14778.967,14684.648
2010/4/1,372.68,214.75,430.31,150.7,376.89,258.6931,288.13,273.25,108.15,204.62,4.714,0.16,217.403,9.9,2.58,101.5386,35544,10106.9,93.1984,127.7,122.5,1692.1,0,8496.6,14842.404,14722.109
2010/5/1,358.12,217.54,449.37,154.37,383.53,274.2667,283.64,284.43,106.64,205.47,4.518,0.2,217.29,9.6,2.18,104.3545,35761,10140.2,94.6492,126.7,123.1,1708.6,0,8552.3,14875.777,14741.429
2010/6/1,333.08,197.42,396.31,144.92,351.8,254.6774,270.21,256.48,102.44,185.64,4.205,0.2,217.199,9.4,2,104.9254,35753,10165.9,94.8328,125.2,122.2,1722.8,0,8574.4,14947.62,14774.355
2010/7/1,326.88,185.64,373.36,143.44,329.93,229.7118,262.64,238.29,102.04,172.46,3.889,0.18,217.605,9.4,1.76,103.2891,35758,10184.3,95.2539,125.2,122,1717.3,0,8575.1,15015.573,14830.148
2010/8/1,331,197.92,403.14,153.97,353.57,247.4768,277.97,262.83,110.13,193.56,3.989,0.18,217.923,9.5,1.47,102.4854,35842,10247.1,95.6092,125.7,123,1743.3,0,8628.9,15036.195,14824.117
2010/9/1,325.08,182.27,384.14,155.34,328.12,237.4224,273.56,243.55,112.61,188.05,3.516,0.19,218.275,9.5,1.41,101.485,35772,10268.9,95.8794,125.7,123.7,1762.7,0,8659.1,15121.212,14882.216
2010/10/1,353.75,193.18,419.27,159.37,367.86,263.5279,288.27,270.82,121.54,202.21,3.686,0.19,219.035,9.4,1.18,98.8469,35834,10343.7,95.6362,127.1,124.7,1781,0,8708.9,15218.269,14944.645
2010/11/1,361,195.83,442.59,160.85,391.58,277.4999,296.38,277.81,121.4,215.5,3.984,0.19,219.59,9.8,1.35,99.1299,35915,10399.8,95.7002,129.2,126.6,1824.1,0,8737.9,15184.451,14895.513
2010/12/1,349.62,194.14,465.21,155.08,384.45,284.1824,292.38,279.95,119.66,217.51,4.111,0.19,220.472,9.3,1.93,99.7885,36145,10436.1,96.4959,131,127.5,1839.3,0,8774.8,15287.903,14977.003
2011/1/1,364.78,214.77,506.75,159.34,404.55,295.537,303.58,301.12,128.74,239.61,4.335,0.18,221.187,9.1,1.99,98.6353,36312,10474.7,96.4283,133,129.1,1858.4,0,8806.3,15146.24,14835.351
2011/2/1,366.18,220.7,543.84,161.03,421.56,293.4183,298.26,313.88,123.79,239.26,4.572,0.17,221.898,9,2.26,97.883,36394,10512.4,96.0111,135.3,130.8,1874,0,8852.2,15162.635,14802.786
2011/3/1,376.58,226.78,580.67,162.26,429.03,310.3665,305.42,320.28,126.68,245.23,4.502,0.16,223.046,9,2.11,96.9455,36321,10583.5,96.8407,139.3,132.7,1889.9,0,8892.9,15406.238,15005.891
2011/4/1,383,220.71,589.31,161.92,417.63,308.3963,308.85,325.8,133.25,249.36,4.509,0.14,224.093,9.1,2.17,95.3386,36205,10624.6,96.4337,142.9,133.8,1894,0,8946.9,15484.228,15046.975
2011/5/1,407.59,220.49,598.02,168.11,429.83,320.3835,324.45,334.56,134.14,254.48,4.398,0.1,224.806,9,1.84,95.3014,36165,10653.1,96.6227,143.1,134.3,1930.9,0,9006.7,15474.869,14993.384
2011/6/1,416.37,213.09,570.47,170.84,422.04,318.9123,332.13,324.53,136.34,247.05,4.225,0.09,224.806,9.1,1.58,95.2764,36297,10676.4,96.8573,142.2,134.5,1941.6,0,9078.3,15423.681,14928.627
2011/7/1,410.93,206.87,559.46,170.03,410.91,317.89,322.66,321.86,134.34,245.93,4.371,0.09,225.395,9,1.54,94.6234,36418,10727.1,97.3169,142.4,134,1982.4,0,9241.2,15543.177,15007.286
2011/8/1,394.71,199.18,563.02,168.15,417.35,313.2105,317.34,299.25,125.38,237.59,4.12,0.07,226.106,9,1.02,95.1642,36367,10745.6,97.7956,141.9,134.6,2101.9,0,9482.5,15651.802,15087.945
2011/9/1,385.31,179.83,506.52,170.98,391.57,296.1399,318.5,278.84,123.68,221.25,3.602,0.1,226.597,9,0.9,98.0118,36236,10790.6,97.7474,141.7,135.3,2120,0,9514.5,15566.396,14968.625
2011/10/1,367.73,159.05,442.79,170.77,378.19,275.5344,306.71,252.62,122.01,184.55,2.914,0.08,226.75,8.8,1.06,98.9175,36244,10827.6,98.4096,141.2,132.6,2144,0,9550.8,15843.079,15252.512
2011/11/1,388.33,181.58,517.85,176.78,421.55,308.0648,319.89,287.77,124.16,217.03,3.132,0.07,227.169,8.6,0.91,99.5527,36185,10828.7,98.281,142.2,132.7,2175.5,0,9596,15772.82,15170.64
2011/12/1,391.14,172.46,526.41,177.59,413.67,305.3886,327.6,289.62,125.14,216.84,3.056,0.08,227.223,8.5,0.89,100.4923,36441,10827.3,98.6739,142.2,132.1,2163.3,0,9623.1,15740.037,15148.169
2012/1/1,401.9,175.23,520.81,182.98,409.93,308.5797,335.54,292.32,129.82,211.71,2.895,0.07,227.86,8.3,0.84,99.8699,36673,10905.6,99.3787,142.2,132.5,2205.5,0,9711.5,15867.46,15229.308
2012/2/1,413.82,189.19,528.53,176.28,441.01,326.6537,329.84,312.52,124.71,235.12,2.939,0.08,228.377,8.3,0.83,98.1361,36857,10975.9,99.6578,142.2,133.1,2209.2,0,9747.1,16073.877,15385.883
2012/3/1,417.92,198.35,557.36,176.27,472.79,341.3759,341.2,319.78,129.35,233.84,3.085,0.1,228.894,8.2,1.02,98.7325,36933,10987.2,98.9579,144.2,134.1,2222.3,0,9791.2,15980.306,15258.227
2012/4/1,435.76,212.84,538.43,178.07,496.57,356.546,351.49,323.52,130.65,234.14,3.337,0.13,229.286,8.2,0.89,99.0517,37011,11017.4,99.8396,144.1,134.7,2244.6,0,9848.6,16093.488,15342.528
2012/5/1,434.26,207.53,533.15,181.23,487.02,360.9568,351.85,319.81,136.12,231.75,3.112,0.14,228.722,8.2,0.76,100.7772,37028,11010.3,100.0042,142,134,2250.4,0,9880.6,16124.074,15356.924
2012/6/1,417.36,188.19,476.51,181,448.8,339.7783,347.33,299.48,139.66,213.23,2.643,0.16,228.506,8.2,0.71,102.2203,37087,10997.4,100.0318,138.7,131.7,2258.2,0,9941.3,16147.991,15388.128
2012/7/1,440.76,197.37,503.27,187.8,462.02,345.8088,358.92,310.06,147.14,222.94,2.754,0.16,228.475,8.2,0.62,101.7397,36962,11034.9,100.3132,137.7,132.2,2305.2,0,10020.4,16239.673,15433.19
2012/8/1,444.87,197.44,523.7,192.51,466.41,344.6408,368.3,311.15,155.2,219.97,2.547,0.16,229.844,8.1,0.71,100.8564,36869,11054.9,99.8389,139.4,133.4,2328.7,0,10093.2,16162.32,15319.064
2012/9/1,448.23,203.39,533.54,183.27,488.78,359.1246,365.92,314.5,151.3,224.9,2.673,0.13,230.987,7.8,0.67,99.2767,37016,11131,99.9599,140.8,134.5,2394.2,0,10166.9,16281.824,15390.445
2012/10/1,465.29,210.07,551.19,184.89,494.54,370.2602,369.97,319.31,157.13,232.88,2.824,0.14,231.655,7.8,0.71,98.998,37209,11144.7,100.2146,141.2,134.6,2412.1,0,10237.7,16209.757,15293.899
2012/11/1,463.31,213.88,539.94,187.44,460.85,364.2276,364.96,317.23,148.95,227.64,2.858,0.16,231.278,7.7,0.67,99.6311,37679,11161.7,100.7651,140.2,133.8,2419.9,0,10299.5,16270.863,15360.349
2012/12/1,464.72,211.6,530.21,178.1,464.39,375.1517,370.18,321.5,147.64,230.95,2.809,0.16,231.272,7.9,0.7,99.0549,38639,11186.5,101.0382,139.4,133.6,2462.8,0,10419.2,16411.427,15498.878
2013/1/1,462.95,221.24,532.96,177.66,463.82,376.0574,360.78,328.75,146.04,237.62,2.95,0.16,231.641,8,0.81,98.9691,36216,11225.4,100.9614,140.1,134.1,2470.3,0,10455.3,16510.521,15560.807
2013/2/1,496.54,234.02,573.41,186.04,470.05,397.2684,381.12,347.22,149.23,246.55,3.173,0.14,233.005,7.7,0.85,99.7822,36190,11283,101.4781,141.3,135.1,2466.5,0,10434.9,16432.407,15433.978
2013/3/1,502.1,236.67,573.39,189,471.86,401.1648,392.78,354.41,153.05,242.27,3.086,0.15,232.313,7.5,0.82,100.656,36211,11261.6,101.6302,141.2,134.4,2463.9,0,10501.1,16483.392,15481.087
2013/4/1,533.42,245.41,583.98,198.69,483.34,420.2655,410.47,361.89,158.01,247.52,3.103,0.14,231.856,7.6,0.71,100.2955,36206,11253.9,101.5825,140.2,133.6,2508.5,0,10557.6,16518.994,15528.062
2013/5/1,548.29,252,578.84,210.4,487.37,432.5998,422.39,358.85,167.48,248.87,2.877,0.15,231.895,7.5,0.84,100.7301,36400,11279.5,101.6016,139.4,132.9,2513.4,0,10586.3,16465.845,15454.421
2013/6/1,555.95,266.8,590.86,190.25,508,443.9561,412.3,375.42,155.01,253.01,3.28,0.11,232.357,7.5,1.2,101.5428,36464,11320.2,101.8221,138.8,132.8,2528.3,0,10633.8,16639.332,15582.446
2013/7/1,551.18,262.06,578.54,191.4,489.23,447.288,409.77,369.95,157.9,241.61,3.5,0.09,232.749,7.3,1.4,102.0996,36418,11343.1,101.2443,138.9,132.6,2538.1,0,10700,16686.787,15606.663
2013/8/1,590.25,275.89,607.46,199.44,509.27,470.2715,425.66,390.68,156.73,254.92,3.636,0.09,233.249,7.3,1.52,101.9805,36499,11370.2,101.9928,139.4,131.9,2541.6,0,10760.3,16774.634,15671.405
2013/9/1,568.8,261.5,594.84,188.44,504.98,456.1787,406.32,379.9,150.24,254.43,3.7,0.08,233.642,7.3,1.6,101.7676,36565,11423.9,102.4847,139.8,132.4,2587,0,10817.3,16786.626,15646.236
2013/10/1,586.02,268.37,604.86,189.84,519.26,480.3037,410.24,400.7,149.3,265.01,3.686,0.08,233.799,7.2,1.37,100.7446,36442,11465.2,102.4287,138.9,131.6,2627.7,0,10929.3,16888.527,15733.29
2013/11/1,610.66,276.82,629.49,196.78,542.63,502.3925,435.38,420.92,160.27,275.9,3.639,0.09,234.21,6.9,1.37,101.6396,36513,11542,102.7732,137.7,131.8,2616.6,0,10931.7,17052.144,15840.394
2013/12/1,638.06,288.92,632.66,192.17,562.36,519.14,441.58,434.91,156.05,278.88,3.811,0.08,234.847,6.7,1.58,101.8026,36531,11566,102.9513,137.8,132.3,2659.6,0,10990.2,17058.993,15808.472
2014/1/1,642.3,294.71,651.67,193.21,585.48,530.0987,442.62,452.46,155.52,291.64,3.969,0.09,235.436,6.6,1.65,102.7713,36646,11562.2,102.4621,138.3,132.7,2680,0,11038.7,16953.837,15704.686
2014/2/1,647.9,283.73,610.44,198.77,570.33,498.4756,419.15,431.97,149.05,278.04,3.599,0.07,235.621,6.7,1.52,103.0208,36833,11631.4,103.2919,139.8,133.7,2713.6,0,11102.2,17031.092,15759.845
2014/3/1,686.45,292.07,638.36,204.33,595.09,528.8311,433.77,447.16,147.5,296.64,3.583,0.07,235.897,6.7,1.64,102.9336,37033,11714.6,104.0896,140.5,134.9,2748.2,0,11157.4,17090.775,15777.006
2014/4/1,677.01,301.06,652.9,210.64,596.36,513.3583,441.92,450.69,154.39,298.35,3.559,0.08,236.495,6.2,1.7,102.5436,37113,11757.1,104.2409,139.7,133.5,2771.8,0,11218.8,17175.088,15831.171
2014/5/1,672.95,296.13,686.29,219.49,597.59,506.1065,453.85,457.43,155.04,300.42,3.46,0.09,236.803,6.2,1.59,102.2186,37243,11790.1,104.6541,140.1,133.7,2786.9,0,11281.8,17312.859,15913.202
2014/6/1,690.24,299.78,693.46,215.87,618.45,519.9365,461.78,465.14,160.29,308.93,3.328,0.09,237.016,6.1,1.68,102.3699,37396,11854.4,105.1223,140.5,133,2821.2,0,11343.7,17368.817,15958.427
2014/7/1,704.52,306.61,727.63,224.93,632.46,529.4313,459.33,465.61,158.25,313.44,3.36,0.1,237.259,6.2,1.7,102.128,37442,11878.5,105.2073,140.1,133.1,2838,0,11408.5,17500.323,16047.865
2014/8/1,704.37,301.85,702.87,209.38,641.32,522.183,443.51,446.4,162.31,307.19,3.317,0.09,237.163,6.2,1.63,103.0465,37583,11965.9,105.1989,139,132.4,2807.9,0,11443.4,17632.778,16152.193
2014/9/1,737.6,313.99,715.72,218.7,664.91,544.8085,463.79,464,160.57,318.09,3.08,0.09,237.51,6,1.77,104.6018,37609,11978.6,105.575,137.9,131.9,2860.8,0,11481.9,17575.189,16083.767
2014/10/1,739.96,312.29,661.05,213.99,659.92,528.9012,465.07,458.11,161.13,312.57,3.197,0.09,237.651,5.7,1.55,105.9511,37749,12049.5,105.6441,136,130.7,2868.9,0,11538.7,17645.52,16141.083
2014/11/1,778.85,321.2,641.32,230.93,670.87,539.9529,480.9,474.83,160.83,304.39,3.067,0.09,237.261,5.8,1.62,107.7482,37870,12095.7,106.6868,133.5,129.5,2890.6,0,11563.9,17743.269,16224.838
2014/12/1,803.65,328,584.58,232.61,704.2,568.46,506.5,488.1,162.61,308.03,2.89,0.09,236.464,5.6,1.64,110.3885,37960,12082.4,106.5182,130.1,128.3,2922.2,0,11640.2,17687.685,16194.688
2015/1/1,791.97,333.32,586.59,240.14,691.95,572.7496,499.58,486.47,152.55,305.28,2.752,0.12,234.954,5.7,1.37,112.7395,37963,12056.3,105.9906,126,126.1,2923.2,0,11689.6,17706.211,16245.628
2015/2/1,801.26,310.01,557.95,245.77,664.92,554.7885,493.24,468.53,149.13,299.22,2.223,0.11,235.415,5.5,1.47,114.1813,38007,12087.5,105.8576,125.5,125.9,2979.5,0,11793.5,17852.433,16330.482
2015/3/1,834.36,327.52,577.51,228.67,717.41,601.7031,513.82,492.89,158.95,322.61,2.591,0.11,235.859,5.5,1.52,116.2478,37971,12152.9,105.515,125.3,125.9,2992.7,0,11837.9,17792.252,16231.148
2015/4/1,840.73,324.95,565.76,225.68,693.12,597.8616,501.33,479.66,152.93,306.51,2.537,0.11,236.197,5.4,1.35,115.1096,38179,12181,105.2732,125.1,125.1,2994.6,0,11889.7,17907.844,16325.014
2015/5/1,828.85,325.2,602.89,224.58,708.92,597.3032,496.49,479.26,160.09,315.93,2.741,0.12,236.876,5.5,1.54,114.2239,38291,12257.7,105.0259,126.5,125.7,2991.9,0,11918.9,17991.782,16358.549
2015/6/1,864.75,330.53,571.41,224.68,723.41,604.4126,500.09,479.48,157.11,316.72,2.882,0.12,237.423,5.3,1.68,115.1057,38363,12281.8,104.8599,126.6,125.3,3007.9,0,11970.3,18095.133,16439.174
2015/7/1,861.19,328.94,551.11,210.56,691.8,607.2076,489.27,466.37,153.47,303.52,3.124,0.13,237.734,5.3,1.63,117.0983,38430,12327.9,105.4755,125.4,124.8,3027.7,0,12034.6,18053.056,16380.81
2015/8/1,884.71,338.84,508.05,223.22,712.03,635.8098,515.2,467.04,151.71,288.24,2.907,0.13,237.703,5.1,1.54,119.2833,38517,12355.6,105.5783,123.2,123,3045,0,12093.9,18108.025,16426.656
2015/9/1,813.51,315.31,484.21,214.28,670.62,594.0695,484.29,440.68,146.61,271.59,2.962,0.14,237.489,5.1,1.49,120.1913,38564,12387.2,105.3072,121.9,122.3,3057,0,12158.1,18264.688,16557.353
2015/10/1,766.06,305.33,451.33,219.82,663.55,589.3723,484.91,431.78,141.19,250.9,2.854,0.14,237.949,5,1.39,119.1427,38642,12402.1,105.1649,121.5,122,3026.9,0,12166.9,18180.436,16454.729
2015/11/1,824.99,323.97,502.11,222.13,734.33,642.3396,512.23,471.16,149.37,284.64,2.923,0.12,238.302,5,1.67,120.9558,38666,12442.4,104.4871,120.8,121.1,3080.2,0,12263.7,18230.129,16489.83
2015/12/1,820.04,329.48,498.26,216.01,738.69,640.0182,505.71,474,147.38,286.31,2.973,0.12,238.041,5,1.7,122.1836,38818,12471.8,104.0452,119.3,119.8,3071.2,0,12312.2,18257.785,16527.562
